<?xml version="1.0" encoding="iso-8859-1"?>
<quests>
	<quest>
		<!--Zoe Position-->
		<name>Zoe Position</name>
		<memoryOffset>57C43</memoryOffset>
		<size>1</size>
		<subquests>
			<subquest>
				<name>New game</name>
				<value>0</value>
			</subquest>
			<subquest>
				<name>Zoe talked: "Twinsen rush to Pharmacy"</name>
				<value>1</value>
			</subquest>
			<subquest>
				<name>Zoe outside door</name>
				<value>2</value>
			</subquest>
			<subquest>
				<name>Zoe walking to dinofly way point 1</name>
				<value>3</value>
			</subquest>
			<subquest>
				<name>Zoe walking to dinofly way point 2</name>
				<value>4</value>
			</subquest>
			<subquest>
				<name>Zoe walking to dinofly way point 3</name>
				<value>5</value>
			</subquest>
			<subquest>
				<name>Zoe walking to dinofly way point 4</name>
				<value>6</value>
			</subquest>
			<subquest>
				<name>Zoe walking to dinofly way point 5</name>
				<value>7</value>
			</subquest>
			<subquest>
				<name>Zoe walking to dinofly way point 6</name>
				<value>8</value>
			</subquest>
			<subquest>
				<name>Zoe walking to dinofly way point 7</name>
				<value>9</value>
			</subquest>
			<subquest>
				<name>Zoe walking to dinofly way point 8</name>
				<value>10</value>
			</subquest>
			<subquest>
				<name>Zoe walking to dinofly way point 9</name>
				<value>11</value>
			</subquest>
			<subquest>
				<name>Zoe walking to dinofly way point 10</name>
				<value>12</value>
			</subquest>
			<subquest>
				<name>Zoe walking to dinofly way point 11</name>
				<value>13</value>
			</subquest>
			<subquest>
				<name>Zoe walking to dinofly way point 12</name>
				<value>14</value>
			</subquest>
			<subquest>
				<name>Gave carpart to zoe and she mentions portable radio</name>
				<value>15</value>
			</subquest>
			<subquest>
				<name>Walking towards car</name>
				<value>16</value>
			</subquest>
			<subquest>
				<name>Walking towards car</name>
				<value>17</value>
			</subquest>
			<subquest>
				<name>Walking towards car</name>
				<value>18</value>
			</subquest>
			<subquest>
				<name>Walking towards car</name>
				<value>19</value>
			</subquest>
			<subquest>
				<name>Working on car</name>
				<value>20</value>
			</subquest>
		</subquests>
	</quest>
	<quest>
		<!--Entered Womens steam room-->
		<name>Entered Womens steam room</name>
		<memoryOffset>57C45</memoryOffset>
		<size>1</size>
		<subquests>
			<subquest>
				<name>New/Reset</name>
				<value>0</value>
			</subquest>
			<subquest>
				<name>Masher says "Get out"/Entered womens steam room</name>
				<value>1</value>
			</subquest>
			<subquest>
				<name>Entered womens steam room after 1 - Masher attacks</name>
				<value>2</value>
			</subquest>
		</subquests>
	</quest>
	<quest>
		<!--Unknown-->
		<name>Unknown</name>
		<memoryOffset>57C47</memoryOffset>
		<size>1</size>
		<subquests>
			<subquest>
				<name>New</name>
				<value>0</value>
			</subquest>
		</subquests>
	</quest>
	<quest>
		<!--Unknown-->
		<name>Unknown</name>
		<memoryOffset>57C49</memoryOffset>
		<size>1</size>
		<subquests>
			<subquest>
				<name>New</name>
				<value>0</value>
			</subquest>
		</subquests>
	</quest>
	<quest>
		<!--Waiter enters Tavern cellar-->
		<name>Waiter enters Tavern cellar</name>
		<memoryOffset>57C4B</memoryOffset>
		<size>1</size>
		<subquests>
			<subquest>
				<name>New</name>
				<value>0</value>
			</subquest>
			<subquest>
				<name>Waiter enters cellar - Twinsen in there</name>
				<value>1</value>
			</subquest>
		</subquests>
	</quest>
	<quest>
		<!--Shop keeper ran away-->
		<name>Shop keeper ran away</name>
		<memoryOffset>57C4D</memoryOffset>
		<size>1</size>
		<subquests>
			<subquest>
				<name>New</name>
				<value>0</value>
			</subquest>
			<subquest>
				<name>Used meca in shop and grobo left</name>
				<value>1</value>
			</subquest>
			<subquest>
				<name>Shop keeper returned?</name>
				<value>2</value>
			</subquest>
		</subquests>
	</quest>
	<quest>
		<!--Stole money from shop till-->
		<name>Stole money from shop till</name>
		<memoryOffset>57C4F</memoryOffset>
		<size>1</size>
		<subquests>
			<subquest>
				<name>New</name>
				<value>0</value>
			</subquest>
			<subquest>
				<name>Stole money from till</name>
				<value>1</value>
			</subquest>
		</subquests>
	</quest>
	<quest>
		<!--Unknown-->
		<name>Unknown</name>
		<memoryOffset>57C51</memoryOffset>
		<size>1</size>
		<subquests>
			<subquest>
				<name>New</name>
				<value>0</value>
			</subquest>
		</subquests>
	</quest>
	<quest>
		<!--Unknown-->
		<name>Unknown</name>
		<memoryOffset>57C53</memoryOffset>
		<size>1</size>
		<subquests>
			<subquest>
				<name>New</name>
				<value>0</value>
			</subquest>
		</subquests>
	</quest>
	<quest>
		<!--Unknown-->
		<name>Unknown</name>
		<memoryOffset>57C55</memoryOffset>
		<size>1</size>
		<subquests>
			<subquest>
				<name>New</name>
				<value>0</value>
			</subquest>
		</subquests>
	</quest>
	<quest>
		<!--Unknown-->
		<name>Unknown</name>
		<memoryOffset>57C57</memoryOffset>
		<size>1</size>
		<subquests>
			<subquest>
				<name>New</name>
				<value>0</value>
			</subquest>
		</subquests>
	</quest>
	<quest>
		<!--Stopping the rain-->
		<name>Stopping the rain</name>
		<memoryOffset>57C59</memoryOffset>
		<size>1</size>
		<subquests>
			<subquest>
				<name>New game</name>
				<value>0</value>
			</subquest>
			<subquest>
				<name>Speak to Weather Wizard</name>
				<value>1</value>
			</subquest>
			<subquest>
				<name>Spoke to Ralph</name>
				<value>2</value>
			</subquest>
			<subquest>
				<name>Killed Tralu and freed Ralph</name>
				<value>3</value>
			</subquest>
			<subquest>
				<name>Rain cleared and aliens landed</name>
				<value>4</value>
			</subquest>
		</subquests>
	</quest>
	<quest>
		<!--Unknown-->
		<name>Unknown</name>
		<memoryOffset>57C5B</memoryOffset>
		<size>1</size>
		<subquests>
			<subquest>
				<name>New</name>
				<value>0</value>
			</subquest>
		</subquests>
	</quest>
	<quest>
		<!--Tralu: Hit switch and opened first door-->
		<name>Tralu: Hit switch and opened first door</name>
		<memoryOffset>57C5D</memoryOffset>
		<size>1</size>
		<subquests>
			<subquest>
				<name>New</name>
				<value>0</value>
			</subquest>
			<subquest>
				<name>Tralu: Hit switch and opened first door</name>
				<value>1</value>
			</subquest>
		</subquests>
	</quest>
	<quest>
		<!--Pyramid key quest-->
		<name>Pyramid key quest</name>
		<memoryOffset>57C5F</memoryOffset>
		<size>1</size>
		<subquests>
			<subquest>
				<name>Not given gallic acid</name>
				<value>0</value>
			</subquest>
			<subquest>
				<name>Gave gallic acid to old man</name>
				<value>2</value>
			</subquest>
			<subquest>
				<name>Got pyramid key from old man</name>
				<value>3</value>
			</subquest>
		</subquests>
	</quest>
	<quest>
		<!--Unknown-->
		<name>Unknown</name>
		<memoryOffset>57C61</memoryOffset>
		<size>1</size>
		<subquests>
			<subquest>
				<name>New</name>
				<value>0</value>
			</subquest>
		</subquests>
	</quest>
	<quest>
		<!--After lighthouse keeper runs away-->
		<name>After lighthouse keeper runs away</name>
		<memoryOffset>57C63</memoryOffset>
		<size>1</size>
		<subquests>
			<subquest>
				<name>New</name>
				<value>0</value>
			</subquest>
			<subquest>
				<name>After lighthouse keeper runs away</name>
				<value>3</value>
			</subquest>
			<subquest>
				<name>After cut scene finishes and alien cut scene starts</name>
				<value>5</value>
			</subquest>
		</subquests>
	</quest>
	<quest>
		<!--Stolen Umbrella-->
		<name>Stolen Umbrella</name>
		<memoryOffset>57C65</memoryOffset>
		<size>1</size>
		<subquests>
			<subquest>
				<name>Before umbrella stolen</name>
				<value>0</value>
			</subquest>
			<subquest>
				<name>Umbrella stolen</name>
				<value>1</value>
			</subquest>
			<subquest>
				<name>Retrieved Umbrella</name>
				<value>2</value>
			</subquest>
			<subquest>
				<name>Returned Umbrella on Citadel</name>
				<value>3</value>
			</subquest>
		</subquests>
	</quest>
	<quest>
		<!--Unknown-->
		<name>Unknown</name>
		<memoryOffset>57C67</memoryOffset>
		<size>1</size>
		<subquests>
			<subquest>
				<name>New</name>
				<value>0</value>
			</subquest>
		</subquests>
	</quest>
	<quest>
		<!--Ferry ticket-->
		<name>Ferry ticket</name>
		<memoryOffset>57C69</memoryOffset>
		<size>1</size>
		<subquests>
			<subquest>
				<name>New</name>
				<value>0</value>
			</subquest>
			<subquest>
				<name>Purchased a ferry ticket</name>
				<value>1</value>
			</subquest>
			<subquest>
				<name>Boarded Ferry</name>
				<value>3</value>
			</subquest>
			<subquest>
				<name>Arrived at Desert island</name>
				<value>4</value>
			</subquest>
			<subquest>
				<name>Bought ferry ticket Desert Island</name>
				<value>5</value>
			</subquest>
			<subquest>
				<name>Entered ferry from Desert to Citadel</name>
				<value>7</value>
			</subquest>
			<subquest>
				<name>Arrived on Citadel Island</name>
				<value>8</value>
			</subquest>
		</subquests>
	</quest>
	<quest>
		<!--Tralu Boss fight-->
		<name>Tralu Boss fight</name>
		<memoryOffset>57C6B</memoryOffset>
		<size>1</size>
		<subquests>
			<subquest>
				<name>New</name>
				<value>0</value>
			</subquest>
			<subquest>
				<name>Entered Tralu Boss area</name>
				<value>1</value>
			</subquest>
			<subquest>
				<name>Defeated Tralu Boss</name>
				<value>2</value>
			</subquest>
			<subquest>
				<name>Unlocked door for lighthouse keeper</name>
				<value>3</value>
			</subquest>
		</subquests>
	</quest>
	<quest>
		<!--Paid wizard entrance fee-->
		<name>Paid wizard entrance fee</name>
		<memoryOffset>57C6D</memoryOffset>
		<size>1</size>
		<subquests>
			<subquest>
				<name>New</name>
				<value>0</value>
			</subquest>
			<subquest>
				<name>Paid wizard entrance fee</name>
				<value>3</value>
			</subquest>
		</subquests>
	</quest>
	<quest>
		<!--Cure Dinofly-->
		<name>Cure Dinofly</name>
		<memoryOffset>57C6F</memoryOffset>
		<size>1</size>
		<subquests>
			<subquest>
				<name>New</name>
				<value>0</value>
			</subquest>
			<subquest>
				<name>Mr. Paul tells you to visit the wizard Ker'roc - he knows how to cure dinofly</name>
				<value>1</value>
			</subquest>
			<subquest>
				<name>Kero'oc house keeper says try school of magic</name>
				<value>2</value>
			</subquest>
			<subquest>
				<name>Arrived school of magic for first time. Rector appears</name>
				<value>3</value>
			</subquest>
		</subquests>
	</quest>
	<quest>
		<!--School of Magic-->
		<name>School of Magic</name>
		<memoryOffset>57C71</memoryOffset>
		<size>1</size>
		<subquests>
			<subquest>
				<name>New</name>
				<value>0</value>
			</subquest>
			<subquest>
				<name>Hit all targets</name>
				<value>1</value>
			</subquest>
			<subquest>
				<name>Received Blowgun</name>
				<value>2</value>
			</subquest>
		</subquests>
	</quest>
	<quest>
		<!--Unknown-->
		<name>Unknown</name>
		<memoryOffset>57C73</memoryOffset>
		<size>1</size>
		<subquests>
			<subquest>
				<name>New</name>
				<value>0</value>
			</subquest>
		</subquests>
	</quest>
	<quest>
		<!--Left school of magic after paying to join-->
		<name>Left school of magic after paying to join</name>
		<memoryOffset>57C75</memoryOffset>
		<size>1</size>
		<subquests>
			<subquest>
				<name>New</name>
				<value>0</value>
			</subquest>
			<subquest>
				<name>Left school of magic after paying to join</name>
				<value>1</value>
			</subquest>
		</subquests>
	</quest>
	<quest>
		<!--Unknown-->
		<name>Unknown</name>
		<memoryOffset>57C77</memoryOffset>
		<size>1</size>
		<subquests>
			<subquest>
				<name>New</name>
				<value>0</value>
			</subquest>
		</subquests>
	</quest>
	<quest>
		<!--Unknown-->
		<name>Unknown</name>
		<memoryOffset>57C79</memoryOffset>
		<size>1</size>
		<subquests>
			<subquest>
				<name>New</name>
				<value>0</value>
			</subquest>
		</subquests>
	</quest>
	<quest>
		<!--Unknown-->
		<name>Unknown</name>
		<memoryOffset>57C7B</memoryOffset>
		<size>1</size>
		<subquests>
			<subquest>
				<name>New</name>
				<value>0</value>
			</subquest>
		</subquests>
	</quest>
	<quest>
		<!--Unknown-->
		<name>Unknown</name>
		<memoryOffset>57C7D</memoryOffset>
		<size>1</size>
		<subquests>
			<subquest>
				<name>New</name>
				<value>0</value>
			</subquest>
		</subquests>
	</quest>
	<quest>
		<!--Alien cutscene after rain-->
		<name>Alien cutscene after rain</name>
		<memoryOffset>57C7F</memoryOffset>
		<size>1</size>
		<subquests>
			<subquest>
				<name>Not triggered</name>
				<value>0</value>
			</subquest>
			<subquest>
				<name>Cut scene over</name>
				<value>1</value>
			</subquest>
		</subquests>
	</quest>
	<quest>
		<!--Taking Taxi on Citadel-->
		<name>Taking Taxi on Citadel</name>
		<memoryOffset>57C81</memoryOffset>
		<size>1</size>
		<subquests>
			<subquest>
				<name>New</name>
				<value>0</value>
			</subquest>
			<subquest>
				<name>Wizards lane destination</name>
				<value>1</value>
			</subquest>
		</subquests>
	</quest>
	<quest>
		<!--Attacked kids in school-->
		<name>Attacked kids in school</name>
		<memoryOffset>57C83</memoryOffset>
		<size>1</size>
		<subquests>
			<subquest>
				<name>New</name>
				<value>0</value>
			</subquest>
			<subquest>
				<name>Punched grobo in school</name>
				<value>2</value>
			</subquest>
			<subquest>
				<name>Attacked kid sitting down</name>
				<value>3</value>
			</subquest>
			<subquest>
				<name>Punched kid skipping</name>
				<value>6</value>
			</subquest>
			<subquest>
				<name>Punched kid in red top and blue shorts</name>
				<value>7</value>
			</subquest>
		</subquests>
	</quest>
	<quest>
		<!--Unknown-->
		<name>Unknown</name>
		<memoryOffset>57C85</memoryOffset>
		<size>1</size>
		<subquests>
			<subquest>
				<name>New</name>
				<value>0</value>
			</subquest>
		</subquests>
	</quest>
	<quest>
		<!--Retrieving horn of Triton-->
		<name>Retrieving horn of Triton</name>
		<memoryOffset>57C87</memoryOffset>
		<size>1</size>
		<subquests>
			<subquest>
				<name>New game</name>
				<value>0</value>
			</subquest>
			<subquest>
				<name>Got car part</name>
				<value>1</value>
			</subquest>
			<subquest>
				<name>Gave car part to Zoe</name>
				<value>2</value>
			</subquest>
			<subquest>
				<name>Zoe called on portable radio</name>
				<value>3</value>
			</subquest>
			<subquest>
				<name>Zoe tells you to try the car at the race track</name>
				<value>4</value>
			</subquest>
			<subquest>
				<name>Traded Flower for Horn of Triton</name>
				<value>5</value>
			</subquest>
		</subquests>
	</quest>
	<quest>
		<!--Unknown-->
		<name>Unknown</name>
		<memoryOffset>57C89</memoryOffset>
		<size>1</size>
		<subquests>
			<subquest>
				<name>New</name>
				<value>0</value>
			</subquest>
		</subquests>
	</quest>
	<quest>
		<!--Unknown-->
		<name>Unknown</name>
		<memoryOffset>57C8B</memoryOffset>
		<size>1</size>
		<subquests>
			<subquest>
				<name>New</name>
				<value>0</value>
			</subquest>
		</subquests>
	</quest>
	<quest>
		<!--Left school and got beat up-->
		<name>Left school and got beat up</name>
		<memoryOffset>57C8D</memoryOffset>
		<size>1</size>
		<subquests>
			<subquest>
				<name>New</name>
				<value>0</value>
			</subquest>
			<subquest>
				<name>Got beat up</name>
				<value>1</value>
			</subquest>
			<subquest>
				<name>After getting beat up?</name>
				<value>3</value>
			</subquest>
			<subquest>
				<name>Left school and got beat up</name>
				<value>5</value>
			</subquest>
		</subquests>
	</quest>
	<quest>
		<!--Left school, after getting beat up-->
		<name>Left school, after getting beat up</name>
		<memoryOffset>57C8F</memoryOffset>
		<size>1</size>
		<subquests>
			<subquest>
				<name>New</name>
				<value>0</value>
			</subquest>
			<subquest>
				<name>Left school, after getting beat up</name>
				<value>1</value>
			</subquest>
		</subquests>
	</quest>
	<quest>
		<!--Funfrock Pizza scene-->
		<name>Funfrock Pizza scene</name>
		<memoryOffset>57C91</memoryOffset>
		<size>1</size>
		<subquests>
			<subquest>
				<name>Not triggered</name>
				<value>0</value>
			</subquest>
			<subquest>
				<name>Funfrock Speech</name>
				<value>1</value>
			</subquest>
			<subquest>
				<name>Funfrock Inside afterwards</name>
				<value>2</value>
			</subquest>
		</subquests>
	</quest>
	<quest>
		<!--Arrived at desert island-->
		<name>Arrived at desert island</name>
		<memoryOffset>57C93</memoryOffset>
		<size>1</size>
		<subquests>
			<subquest>
				<name>New</name>
				<value>0</value>
			</subquest>
			<subquest>
				<name>New</name>
				<value>2</value>
			</subquest>
			<subquest>
				<name>New</name>
				<value>5</value>
			</subquest>
			<subquest>
				<name>New</name>
				<value>6</value>
			</subquest>
			<subquest>
				<name>New</name>
				<value>7</value>
			</subquest>
			<subquest>
				<name>New</name>
				<value>9</value>
			</subquest>
			<subquest>
				<name>New</name>
				<value>11</value>
			</subquest>
			<subquest>
				<name>New</name>
				<value>14</value>
			</subquest>
			<subquest>
				<name>New</name>
				<value>16</value>
			</subquest>
			<subquest>
				<name>New</name>
				<value>17</value>
			</subquest>
			<subquest>
				<name>New</name>
				<value>19</value>
			</subquest>
			<subquest>
				<name>New</name>
				<value>20</value>
			</subquest>
			<subquest>
				<name>New</name>
				<value>22</value>
			</subquest>
			<subquest>
				<name>New</name>
				<value>23</value>
			</subquest>
			<subquest>
				<name>New</name>
				<value>26</value>
			</subquest>
			<subquest>
				<name>New</name>
				<value>27</value>
			</subquest>
			<subquest>
				<name>New</name>
				<value>29</value>
			</subquest>
			<subquest>
				<name>New</name>
				<value>30</value>
			</subquest>
			<subquest>
				<name>New</name>
				<value>33</value>
			</subquest>
			<subquest>
				<name>New</name>
				<value>34</value>
			</subquest>
			<subquest>
				<name>New</name>
				<value>36</value>
			</subquest>
			<subquest>
				<name>New</name>
				<value>37</value>
			</subquest>
			<subquest>
				<name>New</name>
				<value>39</value>
			</subquest>
			<subquest>
				<name>New</name>
				<value>40</value>
			</subquest>
			<subquest>
				<name>New</name>
				<value>43</value>
			</subquest>
			<subquest>
				<name>New</name>
				<value>44</value>
			</subquest>
			<subquest>
				<name>New</name>
				<value>46</value>
			</subquest>
			<subquest>
				<name>New</name>
				<value>49</value>
			</subquest>
			<subquest>
				<name>New</name>
				<value>51</value>
			</subquest>
			<subquest>
				<name>New</name>
				<value>52</value>
			</subquest>
			<subquest>
				<name>New</name>
				<value>54</value>
			</subquest>
			<subquest>
				<name>New</name>
				<value>56</value>
			</subquest>
			<subquest>
				<name>New</name>
				<value>58</value>
			</subquest>
			<subquest>
				<name>New</name>
				<value>59</value>
			</subquest>
			<subquest>
				<name>New</name>
				<value>61</value>
			</subquest>
			<subquest>
				<name>New</name>
				<value>64</value>
			</subquest>
			<subquest>
				<name>New</name>
				<value>66</value>
			</subquest>
			<subquest>
				<name>New</name>
				<value>69</value>
			</subquest>
			<subquest>
				<name>New</name>
				<value>70</value>
			</subquest>
			<subquest>
				<name>New</name>
				<value>72</value>
			</subquest>
			<subquest>
				<name>New</name>
				<value>74</value>
			</subquest>
			<subquest>
				<name>New</name>
				<value>77</value>
			</subquest>
			<subquest>
				<name>New</name>
				<value>78</value>
			</subquest>
			<subquest>
				<name>New</name>
				<value>80</value>
			</subquest>
			<subquest>
				<name>New</name>
				<value>81</value>
			</subquest>
		</subquests>
	</quest>
	<quest>
		<!--Unknown-->
		<name>Unknown</name>
		<memoryOffset>57C95</memoryOffset>
		<size>1</size>
		<subquests>
			<subquest>
				<name>New</name>
				<value>0</value>
			</subquest>
		</subquests>
	</quest>
	<quest>
		<!--Unknown-->
		<name>Unknown</name>
		<memoryOffset>57C97</memoryOffset>
		<size>1</size>
		<subquests>
			<subquest>
				<name>New</name>
				<value>0</value>
			</subquest>
		</subquests>
	</quest>
	<quest>
		<!--Unknown-->
		<name>Unknown</name>
		<memoryOffset>57C99</memoryOffset>
		<size>1</size>
		<subquests>
			<subquest>
				<name>New</name>
				<value>0</value>
			</subquest>
		</subquests>
	</quest>
	<quest>
		<!--Unknown-->
		<name>Unknown</name>
		<memoryOffset>57C9B</memoryOffset>
		<size>1</size>
		<subquests>
			<subquest>
				<name>New</name>
				<value>0</value>
			</subquest>
		</subquests>
	</quest>
	<quest>
		<!--Unknown-->
		<name>Unknown</name>
		<memoryOffset>57C9D</memoryOffset>
		<size>1</size>
		<subquests>
			<subquest>
				<name>New</name>
				<value>0</value>
			</subquest>
		</subquests>
	</quest>
	<quest>
		<!--Unknown-->
		<name>Unknown</name>
		<memoryOffset>57C9F</memoryOffset>
		<size>1</size>
		<subquests>
			<subquest>
				<name>New</name>
				<value>0</value>
			</subquest>
		</subquests>
	</quest>
	<quest>
		<!--Unknown-->
		<name>Unknown</name>
		<memoryOffset>57CA1</memoryOffset>
		<size>1</size>
		<subquests>
			<subquest>
				<name>New</name>
				<value>0</value>
			</subquest>
		</subquests>
	</quest>
	<quest>
		<!--Unknown-->
		<name>Unknown</name>
		<memoryOffset>57CA3</memoryOffset>
		<size>1</size>
		<subquests>
			<subquest>
				<name>New</name>
				<value>0</value>
			</subquest>
		</subquests>
	</quest>
	<quest>
		<!--Moving platform in Bu-->
		<name>Moving platform in Bu</name>
		<memoryOffset>57CA5</memoryOffset>
		<size>1</size>
		<subquests>
			<subquest>
				<name>New</name>
				<value>0</value>
			</subquest>
			<subquest>
				<name>Boarded moving platform in Bu</name>
				<value>1</value>
			</subquest>
		</subquests>
	</quest>
	<quest>
		<!--Unknown-->
		<name>Unknown</name>
		<memoryOffset>57CA7</memoryOffset>
		<size>1</size>
		<subquests>
			<subquest>
				<name>New</name>
				<value>0</value>
			</subquest>
		</subquests>
	</quest>
	<quest>
		<!--Unknown-->
		<name>Unknown</name>
		<memoryOffset>57CA9</memoryOffset>
		<size>1</size>
		<subquests>
			<subquest>
				<name>New</name>
				<value>0</value>
			</subquest>
		</subquests>
	</quest>
	<quest>
		<!--Unknown-->
		<name>Unknown</name>
		<memoryOffset>57CAB</memoryOffset>
		<size>1</size>
		<subquests>
			<subquest>
				<name>New</name>
				<value>0</value>
			</subquest>
		</subquests>
	</quest>
	<quest>
		<!--Unknown-->
		<name>Unknown</name>
		<memoryOffset>57CAD</memoryOffset>
		<size>1</size>
		<subquests>
			<subquest>
				<name>New</name>
				<value>0</value>
			</subquest>
		</subquests>
	</quest>
	<quest>
		<!--Unknown-->
		<name>Unknown</name>
		<memoryOffset>57CAF</memoryOffset>
		<size>1</size>
		<subquests>
			<subquest>
				<name>New</name>
				<value>1</value>
			</subquest>
		</subquests>
	</quest>
	<quest>
		<!--Unknown-->
		<name>Unknown</name>
		<memoryOffset>57CB1</memoryOffset>
		<size>1</size>
		<subquests>
			<subquest>
				<name>New</name>
				<value>0</value>
			</subquest>
		</subquests>
	</quest>
	<quest>
		<!--Unknown-->
		<name>Unknown</name>
		<memoryOffset>57CB3</memoryOffset>
		<size>1</size>
		<subquests>
			<subquest>
				<name>New</name>
				<value>0</value>
			</subquest>
		</subquests>
	</quest>
	<quest>
		<!--Unknown-->
		<name>Unknown</name>
		<memoryOffset>57CB5</memoryOffset>
		<size>1</size>
		<subquests>
			<subquest>
				<name>New</name>
				<value>0</value>
			</subquest>
		</subquests>
	</quest>
	<quest>
		<!--Unknown-->
		<name>Unknown</name>
		<memoryOffset>57CB7</memoryOffset>
		<size>1</size>
		<subquests>
			<subquest>
				<name>New</name>
				<value>0</value>
			</subquest>
		</subquests>
	</quest>
	<quest>
		<!--Unknown-->
		<name>Unknown</name>
		<memoryOffset>57CB9</memoryOffset>
		<size>1</size>
		<subquests>
			<subquest>
				<name>New</name>
				<value>0</value>
			</subquest>
		</subquests>
	</quest>
	<quest>
		<!--Unknown-->
		<name>Unknown</name>
		<memoryOffset>57CBB</memoryOffset>
		<size>1</size>
		<subquests>
			<subquest>
				<name>New</name>
				<value>0</value>
			</subquest>
		</subquests>
	</quest>
	<quest>
		<!--Unknown-->
		<name>Unknown</name>
		<memoryOffset>57CBD</memoryOffset>
		<size>1</size>
		<subquests>
			<subquest>
				<name>New</name>
				<value>0</value>
			</subquest>
		</subquests>
	</quest>
	<quest>
		<!--Unknown-->
		<name>Unknown</name>
		<memoryOffset>57CBF</memoryOffset>
		<size>1</size>
		<subquests>
			<subquest>
				<name>New</name>
				<value>0</value>
			</subquest>
		</subquests>
	</quest>
	<quest>
		<!--Unknown-->
		<name>Unknown</name>
		<memoryOffset>57CC1</memoryOffset>
		<size>1</size>
		<subquests>
			<subquest>
				<name>New</name>
				<value>0</value>
			</subquest>
		</subquests>
	</quest>
	<quest>
		<!--Unknown-->
		<name>Unknown</name>
		<memoryOffset>57CC3</memoryOffset>
		<size>1</size>
		<subquests>
			<subquest>
				<name>New</name>
				<value>0</value>
			</subquest>
		</subquests>
	</quest>
	<quest>
		<!--Unknown-->
		<name>Unknown</name>
		<memoryOffset>57CC5</memoryOffset>
		<size>1</size>
		<subquests>
			<subquest>
				<name>New</name>
				<value>0</value>
			</subquest>
		</subquests>
	</quest>
	<quest>
		<!--Unknown-->
		<name>Unknown</name>
		<memoryOffset>57CC7</memoryOffset>
		<size>1</size>
		<subquests>
			<subquest>
				<name>New</name>
				<value>0</value>
			</subquest>
		</subquests>
	</quest>
	<quest>
		<!--Unknown-->
		<name>Unknown</name>
		<memoryOffset>57CC9</memoryOffset>
		<size>1</size>
		<subquests>
			<subquest>
				<name>New</name>
				<value>0</value>
			</subquest>
		</subquests>
	</quest>
	<quest>
		<!--Unknown-->
		<name>Unknown</name>
		<memoryOffset>57CCB</memoryOffset>
		<size>1</size>
		<subquests>
			<subquest>
				<name>New</name>
				<value>0</value>
			</subquest>
		</subquests>
	</quest>
	<quest>
		<!--Unknown-->
		<name>Unknown</name>
		<memoryOffset>57CCD</memoryOffset>
		<size>1</size>
		<subquests>
			<subquest>
				<name>New</name>
				<value>0</value>
			</subquest>
		</subquests>
	</quest>
	<quest>
		<!--Unknown-->
		<name>Unknown</name>
		<memoryOffset>57CCF</memoryOffset>
		<size>1</size>
		<subquests>
			<subquest>
				<name>New</name>
				<value>0</value>
			</subquest>
		</subquests>
	</quest>
	<quest>
		<!--Destination Desert Island-->
		<name>Destination Desert Island</name>
		<memoryOffset>57CD1</memoryOffset>
		<size>1</size>
		<subquests>
			<subquest>
				<name>New</name>
				<value>0</value>
			</subquest>
			<subquest>
				<name>Read poster in Ferry ticket office</name>
				<value>1</value>
			</subquest>
		</subquests>
	</quest>
	<quest>
		<!--Unknown-->
		<name>Unknown</name>
		<memoryOffset>57CD3</memoryOffset>
		<size>1</size>
		<subquests>
			<subquest>
				<name>New</name>
				<value>0</value>
			</subquest>
		</subquests>
	</quest>
	<quest>
		<!--Unknown-->
		<name>Unknown</name>
		<memoryOffset>57CD5</memoryOffset>
		<size>1</size>
		<subquests>
			<subquest>
				<name>New</name>
				<value>0</value>
			</subquest>
		</subquests>
	</quest>
	<quest>
		<!--Unknown-->
		<name>Unknown</name>
		<memoryOffset>57CD7</memoryOffset>
		<size>1</size>
		<subquests>
			<subquest>
				<name>New</name>
				<value>0</value>
			</subquest>
		</subquests>
	</quest>
	<quest>
		<!--Unknown-->
		<name>Unknown</name>
		<memoryOffset>57CD9</memoryOffset>
		<size>1</size>
		<subquests>
			<subquest>
				<name>New</name>
				<value>0</value>
			</subquest>
		</subquests>
	</quest>
	<quest>
		<!--Unknown-->
		<name>Unknown</name>
		<memoryOffset>57CDB</memoryOffset>
		<size>1</size>
		<subquests>
			<subquest>
				<name>New</name>
				<value>0</value>
			</subquest>
		</subquests>
	</quest>
	<quest>
		<!--Unknown-->
		<name>Unknown</name>
		<memoryOffset>57CDD</memoryOffset>
		<size>1</size>
		<subquests>
			<subquest>
				<name>New</name>
				<value>0</value>
			</subquest>
		</subquests>
	</quest>
	<quest>
		<!--Unknown-->
		<name>Unknown</name>
		<memoryOffset>57CDF</memoryOffset>
		<size>1</size>
		<subquests>
			<subquest>
				<name>New</name>
				<value>0</value>
			</subquest>
		</subquests>
	</quest>
	<quest>
		<!--Unknown-->
		<name>Unknown</name>
		<memoryOffset>57CE1</memoryOffset>
		<size>1</size>
		<subquests>
			<subquest>
				<name>New</name>
				<value>0</value>
			</subquest>
		</subquests>
	</quest>
	<quest>
		<!--Unknown-->
		<name>Unknown</name>
		<memoryOffset>57CE3</memoryOffset>
		<size>1</size>
		<subquests>
			<subquest>
				<name>New</name>
				<value>0</value>
			</subquest>
		</subquests>
	</quest>
	<quest>
		<!--Unknown-->
		<name>Unknown</name>
		<memoryOffset>57CE5</memoryOffset>
		<size>1</size>
		<subquests>
			<subquest>
				<name>New</name>
				<value>0</value>
			</subquest>
		</subquests>
	</quest>
	<quest>
		<!--Unknown-->
		<name>Unknown</name>
		<memoryOffset>57CE7</memoryOffset>
		<size>1</size>
		<subquests>
			<subquest>
				<name>New</name>
				<value>0</value>
			</subquest>
		</subquests>
	</quest>
	<quest>
		<!--Unknown-->
		<name>Unknown</name>
		<memoryOffset>57CE9</memoryOffset>
		<size>1</size>
		<subquests>
			<subquest>
				<name>New</name>
				<value>0</value>
			</subquest>
		</subquests>
	</quest>
	<quest>
		<!--Island CX and Yellow Taxi-->
		<name>Island CX and Yellow Taxi</name>
		<memoryOffset>57CEB</memoryOffset>
		<size>1</size>
		<subquests>
			<subquest>
				<name>New game</name>
				<value>0</value>
			</subquest>
			<subquest>
				<name>Spoke to CX guy, boat spawns</name>
				<value>1</value>
			</subquest>
			<subquest>
				<name>Can take boat from Otringal</name>
				<value>2</value>
			</subquest>
		</subquests>
	</quest>
</quests>