<?xml version="1.0" encoding="ISO-8859-1"?>
<options>
  <general>
    <alwaysOnTop>False</alwaysOnTop>
    <language>ENG</language>
    <DefaultRefreshInterval>50</DefaultRefreshInterval>
  </general>
  <LBA1>
    <SaveFileDirectory>R:\GOG Games\Little Big Adventure_Clean</SaveFileDirectory>
    <autozoom>False</autozoom>
    <GodMode>False</GodMode>
    <InfMagic>False</InfMagic>
    <toggleWallDamage>False</toggleWallDamage>
  </LBA1>
  <LBA2>
    <GodMode>False</GodMode>
    <InfMagic>False</InfMagic>
  </LBA2>
</options>