<?xml version="1.0" encoding="ISO-8859-1" ?>
<skins>
	<skin offset="1880">
		Twinsen without tunic model
	</skin>
	<skin offset="7300">
		Twinsen with tunic model
	</skin>
	<skin offset="12077">
		Twinsen with tunic and sword model
	</skin>
	<skin offset="16913">
		Twinsen with tunic and blowgun model
	</skin>
	<skin offset="22051">
		Twinsen with tunic and blowtron model
	</skin>
	<skin offset="27288">
		Twinsen with tunic and wannie glove model
	</skin>
	<skin offset="32439">
		Twinsen with tunic and laser pistol model
	</skin>
	<skin offset="37953">
		Twinsen with wizard's tunic model
	</skin>
	<skin offset="44948">
		Twinsen with wizard's tunic and blowgun model
	</skin>
	<skin offset="52233">
		Twinsen with tunic (darker shading) model
	</skin>
	<skin offset="57670">
		Twinsen with tunic (darker shading) and pick-axe model
	</skin>
	<skin offset="62956">
		Twinsen with tunic (darker shading) and portable radio model
	</skin>
	<skin offset="67992">
		Twinsen burning model
	</skin>
	<skin offset="76378">
		Twinsen falling in Dome of the Slate model
	</skin>
	<skin offset="81250">
		Twinsen with tunic and car closed model
	</skin>
	<skin offset="89285">
		Twinsen with wizard's tunic and car closed model
	</skin>
	<skin offset="98943">
		Twinsen with tunic and protopack model
	</skin>
	<skin offset="104248">
		Twinsen with tunic and Zoe model
	</skin>
	<skin offset="113634">
		Twinsen with tunic and Horn of Blue Triton model
	</skin>
	<skin offset="120376">
		Twinsen with wizard's tunic and Horn of Blue Triton model
	</skin>
	<skin offset="129311">
		Twinsen with space suit model
	</skin>
	<skin offset="135082">
		Twinsen with tunic and super jetpack model
	</skin>
	<skin offset="140576">
		Twinsen with tunic and car open model
	</skin>
	<skin offset="149022">
		Twinsen with wizard's tunic and car open model
	</skin>
	<skin offset="159088">
		Twinsen X-Rayed model
	</skin>
	<skin offset="163608">
		Nitro-meca-penguin model
	</skin>
	<skin offset="164782">
		Zoe model
	</skin>
	<skin offset="169279">
		Zoe with umbrella model
	</skin>
	<skin offset="174134">
		Piece of flying saucer model
	</skin>
	<skin offset="174330">
		Dot model
	</skin>
	<skin offset="174401">
		Holomap model
	</skin>
	<skin offset="178458">
		Three darts model
	</skin>
	<skin offset="181863">
		Raph, the lighthouse keeper model
	</skin>
	<skin offset="186930">
		The Tralu model
	</skin>
	<skin offset="190980">
		Snake model
	</skin>
	<skin offset="192757">
		Rabbibunny skeleton model
	</skin>
	<skin offset="196190">
		The flying rat model
	</skin>
	<skin offset="197014">
		The quetch not being from Citadel Island model
	</skin>
	<skin offset="200535">
		Drunk rabbibunny in Luc's bar model
	</skin>
	<skin offset="204217">
		Luc, the boss model
	</skin>
	<skin offset="207878">
		Tim, waiter model
	</skin>
	<skin offset="212497">
		A sphero (Raph's friend) model
	</skin>
	<skin offset="215250">
		Another sphero model
	</skin>
	<skin offset="218183">
		A third sphero model
	</skin>
	<skin offset="220968">
		Quetch girl, Raph's friend model
	</skin>
	<skin offset="224695">
		Quetch girl, Raph's friend model
	</skin>
	<skin offset="228430">
		Sup in light green dressing model
	</skin>
	<skin offset="233370">
		Sup in light green dressing with gun model
	</skin>
	<skin offset="238542">
		Sup in light green dressing with newspaper model
	</skin>
	<skin offset="243814">
		Yellow franco with green pistol model
	</skin>
	<skin offset="249678">
		Yellow franco with red pistol model
	</skin>
	<skin offset="255536">
		Gray esmer dog without mouth protection model
	</skin>
	<skin offset="259730">
		Gray esmer dog with mouth protection model
	</skin>
	<skin offset="263607">
		Brown esmer dog without mouth protection model
	</skin>
	<skin offset="267837">
		Grobo in the baggage claim model
	</skin>
	<skin offset="271086">
		Propeller of the crate-moving apparatus model
	</skin>
	<skin offset="271974">
		Rabbibunny in the baggage claim model
	</skin>
	<skin offset="276252">
		Crate-pushing apparatus model
	</skin>
	<skin offset="276965">
		Quetch in the baggage claim model
	</skin>
	<skin offset="280388">
		Mr. Paul model
	</skin>
	<skin offset="283784">
		Grobo no. 1 in Temple of Bu model
	</skin>
	<skin offset="287408">
		Quetch in the Inter-Islands Ferry (Cit. Island) model
	</skin>
	<skin offset="290804">
		Mrs. Brune (Inter-Islands rabbibunny) model
	</skin>
	<skin offset="295298">
		Neighbor without gallic acid model
	</skin>
	<skin offset="299808">
		Neighbor with gallic acid model
	</skin>
	<skin offset="306069">
		Cart in Temple of Bu model
	</skin>
	<skin offset="307730">
		Arrow in Temple of Bu model
	</skin>
	<skin offset="308093">
		Painter from Citadel Island sewers model
	</skin>
	<skin offset="312315">
		Rabbibunny in blue-white dressing model
	</skin>
	<skin offset="316986">
		Nitro-Meca-Penguin model
	</skin>
	<skin offset="318883">
		Flying saucer (UFO) with closed door and lights off model
	</skin>
	<skin offset="323434">
		Flying saucer (UFO) with quarter-open door model
	</skin>
	<skin offset="328387">
		Flying saucer (UFO) with closed door and lights on model
	</skin>
	<skin offset="332943">
		Flying saucer (UFO) with closed door, lights on, and feet out model
	</skin>
	<skin offset="337502">
		Royal saucer (UFO) with quarter-open door model
	</skin>
	<skin offset="343275">
		Royal saucer (UFO) with closed door model
	</skin>
	<skin offset="349190">
		Royal saucer (UFO) with closed door and feet in model
	</skin>
	<skin offset="355108">
		Royal saucer (UFO) with closed door and feet out model
	</skin>
	<skin offset="361030">
		Small flying saucer (UFO) model
	</skin>
	<skin offset="365563">
		Boat is Esmers' secret base model
	</skin>
	<skin offset="366931">
		Franco guard with spike model
	</skin>
	<skin offset="372468">
		Franco guard with spike model
	</skin>
	<skin offset="378129">
		Franco guard with spike model
	</skin>
	<skin offset="383840">
		Franco guard with spike model
	</skin>
	<skin offset="389660">
		Sup in dark green dressing (clone of Johnny Rocket) model
	</skin>
	<skin offset="393882">
		Sup in red dressing model
	</skin>
	<skin offset="398107">
		Franco policeman with red helmet and gun model
	</skin>
	<skin offset="404042">
		Franco policeman with black hat and gun model
	</skin>
	<skin offset="409942">
		X-rayed franco red-helmet policeman model
	</skin>
	<skin offset="415709">
		Franco policeman with green hat and stick model
	</skin>
	<skin offset="421358">
		Franco survivor from Island CX model
	</skin>
	<skin offset="427077">
		Yellow-red franco guard dressing (from secret base) model
	</skin>
	<skin offset="430177">
		Baldino with space suit without helmet model
	</skin>
	<skin offset="436608">
		Baldino with space suit with helmet in hand model
	</skin>
	<skin offset="443908">
		Baldino with space suit with helmet model
	</skin>
	<skin offset="450612">
		Light gray franco guard model
	</skin>
	<skin offset="455697">
		Franco dissident model
	</skin>
	<skin offset="460939">
		Light gray franco guard with gun model
	</skin>
	<skin offset="466252">
		Light gray franco guard with tool model
	</skin>
	<skin offset="471503">
		Mr. Bazoo (grobo in shop on Citadel Island) model
	</skin>
	<skin offset="474922">
		Clerk in Mrs. Bloop's museum model
	</skin>
	<skin offset="478408">
		Quetch guard of Temple Park model
	</skin>
	<skin offset="481980">
		Quetch visitor of Mrs. Bloop's museum model
	</skin>
	<skin offset="485471">
		Quetch guard of Temple Park with umbrella model
	</skin>
	<skin offset="489366">
		Mrs. Bloop model
	</skin>
	<skin offset="492792">
		Container in museum with Tunic model
	</skin>
	<skin offset="497148">
		Container in museum without Tunic model
	</skin>
	<skin offset="499173">
		Trunk in the sewers model
	</skin>
	<skin offset="499939">
		Bird on Citadel Island model
	</skin>
	<skin offset="500925">
		Little Tralu model
	</skin>
	<skin offset="504964">
		Joe the Elf model
	</skin>
	<skin offset="508085">
		Weather wizard model
	</skin>
	<skin offset="512485">
		Creature in weather wizard's stove model
	</skin>
	<skin offset="519483">
		Pharmacist model
	</skin>
	<skin offset="523812">
		Sphero customer of pharmacy model
	</skin>
	<skin offset="526565">
		Sphero customer of pharmacy with vacuum cleaner model
	</skin>
	<skin offset="530138">
		Sphero customer of pharmacy with umbrella model
	</skin>
	<skin offset="533220">
		The Citadel Island thief model
	</skin>
	<skin offset="537482">
		The Citadel Island thief with customer's umbrella model
	</skin>
	<skin offset="542005">
		Nomad grobo from Desert Island model
	</skin>
	<skin offset="545340">
		A quetch model
	</skin>
	<skin offset="548860">
		Female rabbibunny in swimming costume (in Hacienda bath) model
	</skin>
	<skin offset="553288">
		Female grobo in Hacienda bath model
	</skin>
	<skin offset="556887">
		Dean of the School of Magic model
	</skin>
	<skin offset="562196">
		Female rabbibunny in the School of Magic model
	</skin>
	<skin offset="566409">
		Ghost in the School of Magic model
	</skin>
	<skin offset="567799">
		Sad grobo student in the School of Magic model
	</skin>
	<skin offset="571444">
		Black nomad sphero from Desert Island model
	</skin>
	<skin offset="574196">
		Male grobo in Hacienda bath model
	</skin>
	<skin offset="577438">
		Empty space suit model
	</skin>
	<skin offset="582905">
		Blowgun test magic symbol in the School of Magic model
	</skin>
	<skin offset="583689">
		Hourglass (blowgun test) model
	</skin>
	<skin offset="586561">
		Flask of gallic acid model
	</skin>
	<skin offset="588362">
		Rabbibunny in shop on Desert Island model
	</skin>
	<skin offset="593071">
		Rabbibunny child model
	</skin>
	<skin offset="596537">
		Teacher of the kindergarten on Citadel Island model
	</skin>
	<skin offset="600683">
		Grobo child model
	</skin>
	<skin offset="604077">
		Quetch child 1 model
	</skin>
	<skin offset="609151">
		Quetch child 2 with rope model
	</skin>
	<skin offset="614262">
		Jerome Baldino model
	</skin>
	<skin offset="618036">
		Memory viewer model
	</skin>
	<skin offset="621405">
		Notes model
	</skin>
	<skin offset="621581">
		Grobo in the hotel on Desert Island model
	</skin>
	<skin offset="625260">
		Sub in blue dressing in the flying saucer model
	</skin>
	<skin offset="629683">
		Female sup in the flying saucer model
	</skin>
	<skin offset="634397">
		Female sup in the flying saucer with pull bell model
	</skin>
	<skin offset="639431">
		Female sup in the flying saucer with pull bell and safety jacket model
	</skin>
	<skin offset="645100">
		The translator model
	</skin>
	<skin offset="646483">
		Rabbibunny with motorbike model
	</skin>
	<skin offset="652607">
		Rabbibunny with motorbike and Twinsen with Tunic model
	</skin>
	<skin offset="661933">
		Rabbibunny with motorbike and Twinsen with Wizard's Tunic model
	</skin>
	<skin offset="672341">
		Bob with covered head model
	</skin>
	<skin offset="675879">
		Bob with uncovered head model
	</skin>
	<skin offset="679509">
		Sup in dark green dressing (clone of Johnny Rocket) model
	</skin>
	<skin offset="683792">
		Johnny Rocket model
	</skin>
	<skin offset="688175">
		Johnny Rocket in pyjamas model
	</skin>
	<skin offset="693015">
		Elevator (big) model
	</skin>
	<skin offset="693166">
		Robot on Otringal (prison guard) model
	</skin>
	<skin offset="699430">
		Robot on Desert Island model
	</skin>
	<skin offset="707329">
		Robot on Citadel Island model
	</skin>
	<skin offset="715225">
		Felix with covered head model
	</skin>
	<skin offset="719677">
		Felix with uncovered head model
	</skin>
	<skin offset="724136">
		Crab model
	</skin>
	<skin offset="727610">
		Top of giant crab model
	</skin>
	<skin offset="729208">
		Front scissors (or feet) of giant crab model
	</skin>
	<skin offset="730740">
		Ferry (you can call it hovercraft) model
	</skin>
	<skin offset="735989">
		Dino-Fly with Twinsen with Tunic model
	</skin>
	<skin offset="744778">
		Dino-Fly model
	</skin>
	<skin offset="750192">
		Dino-Fly with Twinsen with Wizard's Tunic model
	</skin>
	<skin offset="760199">
		Zed model
	</skin>
	<skin offset="763892">
		Quetch, in love with the pharmacist model
	</skin>
	<skin offset="767402">
		Mushroom model
	</skin>
	<skin offset="769740">
		Raph's fiance model
	</skin>
	<skin offset="774236">
		Piece of giant crab's scissor (or foot) model
	</skin>
	<skin offset="775574">
		Light from a lighthouse model
	</skin>
	<skin offset="775894">
		Twinsen and Zoe with the umbrella down model
	</skin>
	<skin offset="785267">
		Quetch child 2 without rope model
	</skin>
	<skin offset="789969">
		Rosa the cow model
	</skin>
	<skin offset="796939">
		Quetch child 3 (on top of the pharmacy) model
	</skin>
	<skin offset="802194">
		Quetch child 3 without his head model
	</skin>
	<skin offset="805952">
		Quetch in black dressing (Quetch child 1's big brother) model
	</skin>
	<skin offset="809482">
		Trash can (hidden Esmer) 1 model
	</skin>
	<skin offset="811863">
		Trash can (hidden Esmer) 2 model
	</skin>
	<skin offset="813777">
		The Citadel Island thies with his sister (Rabbibunny child) model
	</skin>
	<skin offset="821296">
		The teacher of the kindergarten with Quetch child 2 model
	</skin>
	<skin offset="830010">
		Luc, the boss, with his brother (Grobo child) model
	</skin>
	<skin offset="836836">
		Franco guy with plates model
	</skin>
	<skin offset="844611">
		Franco guy with glass model
	</skin>
	<skin offset="851048">
		Sphero wizard (Ker'aooc) model
	</skin>
	<skin offset="855046">
		Female quetch wizard (Tabata)
	</skin>
	<skin offset="860719">
		Grobo wizard model
	</skin>
	<skin offset="864989">
		The usually drunk franco guy model
	</skin>
	<skin offset="870687">
		Mosquibee guy 1 model
	</skin>
	<skin offset="875426">
		Mosquibee guy 2 model
	</skin>
	<skin offset="880161">
		Wannie guy 1 model
	</skin>
	<skin offset="885920">
		Wannie guy 2 model
	</skin>
	<skin offset="891670">
		Queen of the Mosquibees model
	</skin>
	<skin offset="896879">
		Mosquibee Queen's ventilation guy model
	</skin>
	<skin offset="901762">
		Quetch child #3 with plate with piece of cake model
	</skin>
	<skin offset="907340">
		Female rabbibunny in the School of Magic model
	</skin>
	<skin offset="911847">
		Sup sailor with glass model
	</skin>
	<skin offset="917082">
		Twinsen with Tunic with piece of cake model
	</skin>
	<skin offset="922344">
		Mosquibee guy with containe full of liquid model
	</skin>
	<skin offset="931875">
		Zoe not pregnant anymore with child-carry thing 1 model
	</skin>
	<skin offset="940467">
		Zoe not pregnant anymore with child-carry thing 2 model
	</skin>
	<skin offset="948469">
		Franco nurse with franco child 1 model
	</skin>
	<skin offset="957030">
		Franco child 2 model
	</skin>
	<skin offset="961234">
		Wannie child 1 model
	</skin>
	<skin offset="967242">
		Zed on the beach model
	</skin>
	<skin offset="970856">
		Control-wheel for the woodbridge model
	</skin>
	<skin offset="973859">
		Woodbridge transport wood model
	</skin>
	<skin offset="975473">
		Giand spider (Citadel Island cliffs) model
	</skin>
	<skin offset="981150">
		Moya the turtle model
	</skin>
	<skin offset="985505">
		Silhuette of the turtle model
	</skin>
	<skin offset="989807">
		The turtle slightly rising model
	</skin>
	<skin offset="994151">
		The turtle greatly rising model
	</skin>
	<skin offset="998703">
		The turtle almost out model
	</skin>
	<skin offset="1003414">
		Cactus (hidden Esmer) model
	</skin>
	<skin offset="1010456">
		The turtle-calling bell model
	</skin>
	<skin offset="1012504">
		Empty car model
	</skin>
	<skin offset="1017817">
		Clover box model
	</skin>
	<skin offset="1020089">
		One of the many desert flowers model
	</skin>
	<skin offset="1023037">
		Desert sphero 1 model
	</skin>
	<skin offset="1026105">
		Desert sphero 1 with guitar model
	</skin>
	<skin offset="1030012">
		Desert sphero 2 model
	</skin>
	<skin offset="1034067">
		Camel 1 model
	</skin>
	<skin offset="1038480">
		Camel 2 model
	</skin>
	<skin offset="1043799">
		Car with racer model
	</skin>
	<skin offset="1052535">
		Sphero bowl player model
	</skin>
	<skin offset="1055624">
		Quetch bowl player model
	</skin>
	<skin offset="1060468">
		Ball 1 (big gray ball) model
	</skin>
	<skin offset="1061117">
		Ball 2 (small red ball) model
	</skin>
	<skin offset="1061765">
		Quetch girl in swimming costume with book model
	</skin>
	<skin offset="1066399">
		Franco guy with beard (bowl player) model
	</skin>
	<skin offset="1071628">
		Sup in light green dressing (bowl player) model
	</skin>
	<skin offset="1076669">
		Quetch guard of Temple Park model
	</skin>
	<skin offset="1080385">
		Sup guy in swimming costume (Imerial Hotel) model
	</skin>
	<skin offset="1084783">
		Green shell (Joe the Elf imprisoned) model
	</skin>
	<skin offset="1086311">
		The Eye 1 of the School of Magic model
	</skin>
	<skin offset="1086915">
		The Eye 2 of the School of Magic model
	</skin>
	<skin offset="1087528">
		Chedil Amiradoo model
	</skin>
	<skin offset="1093601">
		The balsam flower model
	</skin>
	<skin offset="1097526">
		Piece of a plant model
	</skin>
	<skin offset="1099305">
		The sphero near Port-Ludo model
	</skin>
	<skin offset="1102149">
		Grobo policeman, guard of Temple Park model
	</skin>
	<skin offset="1105923">
		Rabbibunny, don't know, where he appears model
	</skin>
	<skin offset="1110137">
		Small yellow duck model
	</skin>
	<skin offset="1111700">
		Twinsen with Tunic and balloons model
	</skin>
	<skin offset="1118739">
		Twinsen with Wizard's Tunic and balloons model
	</skin>
	<skin offset="1128021">
		The balloons model
	</skin>
	<skin offset="1130349">
		Desert grobo model
	</skin>
	<skin offset="1134551">
		Old rabbibunny with guitar model
	</skin>
	<skin offset="1140040">
		Old rabbibunny with magic flute model
	</skin>
	<skin offset="1144734">
		The chest with old rabbibunny's domestic snake model
	</skin>
	<skin offset="1148174">
		The chest empty model
	</skin>
	<skin offset="1150455">
		Sup in space suit model
	</skin>
	<skin offset="1157340">
		Giraffe guy with camera on Zeelich model
	</skin>
	<skin offset="1162293">
		Ant guy with backpack on Zeelich model
	</skin>
	<skin offset="1168355">
		Ant guy 2 on Zeelich model
	</skin>
	<skin offset="1174575">
		Two-headed monster in Emperor's palace model
	</skin>
	<skin offset="1182024">
		Emperor's sup soldier 1 model
	</skin>
	<skin offset="1187587">
		Emperor's sup soldier 2 model
	</skin>
	<skin offset="1193394">
		Sup in swimming costume in water model
	</skin>
	<skin offset="1197485">
		Old sup lady in Imperial Hotel model
	</skin>
	<skin offset="1204509">
		Franco guard in Imperial Hotel model
	</skin>
	<skin offset="1209153">
		Franco policeman with stick down model
	</skin>
	<skin offset="1214100">
		Franco policeman with stick in hand model
	</skin>
	<skin offset="1219077">
		Female franco model
	</skin>
	<skin offset="1225579">
		Narrow electric barrier model
	</skin>
	<skin offset="1227069">
		Wider electric barrier model
	</skin>
	<skin offset="1228567">
		Mosquibee dissident model
	</skin>
	<skin offset="1233083">
		Sup guard of Emperor's palace model
	</skin>
	<skin offset="1238073">
		Sup guard of Emperor's palace with sword out model
	</skin>
	<skin offset="1243098">
		Leontine (zeppelin-boat of the old franco) model
	</skin>
	<skin offset="1246269">
		Leontine with the old franco aboard model
	</skin>
	<skin offset="1252712">
		Leontine with the old franco and Twinsen aboard model
	</skin>
	<skin offset="1262270">
		The old franco model
	</skin>
	<skin offset="1267486">
		Driver 1 of the motor-flyer model
	</skin>
	<skin offset="1273331">
		Driver 2 of the motor-flyer model
	</skin>
	<skin offset="1279230">
		The motor-flyer model
	</skin>
	<skin offset="1283414">
		Motor-flyer with driver 1 aboard model
	</skin>
	<skin offset="1290007">
		Motor-flyer with driver 1 and Twinsen aboard model
	</skin>
	<skin offset="1299258">
		Motor-flyer with driver 2 aboard model
	</skin>
	<skin offset="1305811">
		Motor-flyer with driver 2 and Twinsen aboard model
	</skin>
	<skin offset="1315045">
		Open crate in the undergas center model
	</skin>
	<skin offset="1319057">
		Closed crate in the undergas center model
	</skin>
	<skin offset="1323178">
		Open crate in the undergas center with Twinsen inside model
	</skin>
	<skin offset="1330328">
		Small closed crate model
	</skin>
	<skin offset="1334439">
		Franco policeman with red hat and gun on the car model
	</skin>
	<skin offset="1341218">
		Shotgun model
	</skin>
	<skin offset="1342842">
		Franco trooper model
	</skin>
	<skin offset="1347860">
		Franco trooper with UZI model
	</skin>
	<skin offset="1353267">
		Sup priest model
	</skin>
	<skin offset="1358091">
		Franco at the gas station on Otringal with gas-piston model
	</skin>
	<skin offset="1363699">
		Franco at the gas station on Otringal with hammer model
	</skin>
	<skin offset="1369190">
		Green gloom (alligator) model
	</skin>
	<skin offset="1374922">
		Green gloom (alligator) with tie model
	</skin>
	<skin offset="1381161">
		Gray gloom (alligator) model
	</skin>
	<skin offset="1388175">
		Small gloom (alligator), casino exit guard model
	</skin>
	<skin offset="1394364">
		Big gray gloom (alligator), holding Twinsen model
	</skin>
	<skin offset="1404716">
		Big gray gloom (alligator) model
	</skin>
	<skin offset="1410522">
		Franco with drum model
	</skin>
	<skin offset="1415914">
		Car at the gas station on Otringal model
	</skin>
	<skin offset="1419834">
		Zeelichian car without the gun model
	</skin>
	<skin offset="1422043">
		The gun of the car model
	</skin>
	<skin offset="1422974">
		Dark Monk's key model
	</skin>
	<skin offset="1429537">
		Fire ball model
	</skin>
	<skin offset="1430709">
		Franco survivor from Island CX model
	</skin>
	<skin offset="1438232">
		Kangaroo 1 model
	</skin>
	<skin offset="1446465">
		Kangaroo 2 model
	</skin>
	<skin offset="1457206">
		Franco priest model
	</skin>
	<skin offset="1463232">
		Dark Monk (hidden FunFrock) model
	</skin>
	<skin offset="1467284">
		FunFrock unihidding himself model
	</skin>
	<skin offset="1471521">
		Unhidden FunFrock model
	</skin>
	<skin offset="1475282">
		Unhidden FunFrock with sword out model
	</skin>
	<skin offset="1478924">
		Teleporting FunFrock model
	</skin>
	<skin offset="1484284">
		Standing stone 1 (for lava) model
	</skin>
	<skin offset="1484830">
		Standing stone 2 (for lava) model
	</skin>
	<skin offset="1485607">
		Mosquibee guy with beard model
	</skin>
	<skin offset="1491123">
		Wannie priest model
	</skin>
	<skin offset="1496927">
		Gas monster 1 model
	</skin>
	<skin offset="1507305">
		Silhuette of gas monster's head 1 model
	</skin>
	<skin offset="1507793">
		Gas monster 2 model
	</skin>
	<skin offset="1518626">
		Wannie guy 1 model
	</skin>
	<skin offset="1524539">
		Wannie guy 2 model
	</skin>
	<skin offset="1530694">
		Wannie guy 3 model
	</skin>
	<skin offset="1536907">
		Wannie guy 4 model
	</skin>
	<skin offset="1542749">
		Wannie child model
	</skin>
	<skin offset="1547609">
		Wannie child with red ball model
	</skin>
	<skin offset="1552486">
		Wannie grandma model
	</skin>
	<skin offset="1557545">
		Wannie grandma with plate with piece of tart model
	</skin>
	<skin offset="1563124">
		Wannie child capturing fireflies model
	</skin>
	<skin offset="1571590">
		Firefly model
	</skin>
	<skin offset="1572981">
		Frog model
	</skin>
	<skin offset="1579556">
		Ferryman with boat model
	</skin>
	<skin offset="1584906">
		Ferryman with boat with Twinsen aboard model
	</skin>
	<skin offset="1594709">
		Wannie guy 5 model
	</skin>
	<skin offset="1600586">
		Gem model
	</skin>
	<skin offset="1601427">
		Elevator to the undergas model
	</skin>
	<skin offset="1603326">
		Elevator to the undergas with Twinsen inside model
	</skin>
	<skin offset="1610012">
		Small gas monster 1 (blue) model
	</skin>
	<skin offset="1619579">
		Small gas monster 2 (gray) model
	</skin>
	<skin offset="1626914">
		Wannie guy with pick-axe model
	</skin>
	<skin offset="1633709">
		Undergas bulldozer model
	</skin>
	<skin offset="1635744">
		Undergas bulldozer pick-thing part 1 model
	</skin>
	<skin offset="1637363">
		Undergas bulldozer pick-thing part 2 model
	</skin>
	<skin offset="1637994">
		Little yellow pig model
	</skin>
	<skin offset="1641355">
		Main train wagon with wannie inside model
	</skin>
	<skin offset="1648197">
		Train wagon model
	</skin>
	<skin offset="1651247">
		Train wagon with stones model
	</skin>
	<skin offset="1656239">
		100% Firefly tart model
	</skin>
	<skin offset="1656830">
		5/6 Firefly tart model
	</skin>
	<skin offset="1657494">
		3/4 Firefly tart model
	</skin>
	<skin offset="1658133">
		2/3 Firefly tart model
	</skin>
	<skin offset="1658764">
		Wannie child's red ball model
	</skin>
	<skin offset="1658852">
		Wannie's glove model
	</skin>
	<skin offset="1662069">
		Gas monster 3 (gray) model
	</skin>
	<skin offset="1669697">
		Glass plate model
	</skin>
	<skin offset="1669825">
		Cover of the box with the mosquibees key fragment model
	</skin>
	<skin offset="1674431">
		Green mosquibee guy model
	</skin>
	<skin offset="1679411">
		Franco trooper with explosive box model
	</skin>
	<skin offset="1684608">
		Green mosquibee guy with flag model
	</skin>
	<skin offset="1689775">
		Mosquibee guy with Twinsen model
	</skin>
	<skin offset="1699088">
		Monkey monster with sword model
	</skin>
	<skin offset="1707795">
		Franco trooper with parachute model
	</skin>
	<skin offset="1713731">
		Mosquibee flag model
	</skin>
	<skin offset="1714781">
		Emperor's flag model
	</skin>
	<skin offset="1715846">
		Rope to get into the mosquibee fortress model
	</skin>
	<skin offset="1718254">
		Rope to get into the mosquibee fortress with Twinsen model
	</skin>
	<skin offset="1725428">
		Franco trooper with UZI and explosive ball model
	</skin>
	<skin offset="1732065">
		The two-zeppelin transport method to the elevator model
	</skin>
	<skin offset="1739551">
		Female dog on the Island of the Francos model
	</skin>
	<skin offset="1744028">
		Franco worker on the Island of the Francos model
	</skin>
	<skin offset="1749795">
		Franco with metal-detector on the Island of the Francos model
	</skin>
	<skin offset="1755483">
		Franco worker with red hat on the Island of the Francos model
	</skin>
	<skin offset="1760589">
		Mechanic owl model
	</skin>
	<skin offset="1763269">
		Gas monster 4 model
	</skin>
	<skin offset="1775305">
		Rocket-shooter on Island CX model
	</skin>
	<skin offset="1776442">
		Wannie guy with one glove model
	</skin>
	<skin offset="1782124">
		Sup in orange dressing (in Imperial Hotel and saucer) model
	</skin>
	<skin offset="1787384">
		Sup getting in garbage can in saucer model
	</skin>
	<skin offset="1794054">
		Sup getting in cactus in saucer model
	</skin>
	<skin offset="1805054">
		Wannie guy digging model
	</skin>
	<skin offset="1811579">
		Wannie child #1's toys model
	</skin>
	<skin offset="1813082">
		The wannies key fragment model
	</skin>
	<skin offset="1815844">
		Spider net model
	</skin>
	<skin offset="1816737">
		Old wannie model
	</skin>
	<skin offset="1822184">
		Old wannie with piece of tart model
	</skin>
	<skin offset="1827801">
		Monkey monster model
	</skin>
	<skin offset="1835388">
		Monkey monster with wooden box model
	</skin>
	<skin offset="1843209">
		Wannie child with captured firefly model
	</skin>
	<skin offset="1848501">
		\"Feet\" for something 1 model
	</skin>
	<skin offset="1850526">
		\"Feet\" for something 2 model
	</skin>
	<skin offset="1853722">
		Sup 1 with cigar in the undergas agency model
	</skin>
	<skin offset="1859215">
		Sup 2 sitting down with papers in the undergas agency model
	</skin>
	<skin offset="1865381">
		Gray ball model
	</skin>
	<skin offset="1865790">
		Fat yellow/black mosquibee guy model
	</skin>
	<skin offset="1870740">
		Blowtron model
	</skin>
	<skin offset="1872662">
		Green mosquibee guy with red flag model
	</skin>
	<skin offset="1877660">
		Lava fire ball model
	</skin>
	<skin offset="1878614">
		The wheel of fortune model
	</skin>
	<skin offset="1881977">
		Big gray gloom (alligator) with big stick model
	</skin>
	<skin offset="1888177">
		Female franco dancer model
	</skin>
	<skin offset="1893746">
		Franco fireman model
	</skin>
	<skin offset="1898517">
		Sup heavy metal guy in black dressing model
	</skin>
	<skin offset="1904257">
		Female franco dancer model
	</skin>
	<skin offset="1909836">
		The reptile-thing in the casino (come to papa) model
	</skin>
	<skin offset="1913204">
		Brown dog in the casino model
	</skin>
	<skin offset="1915590">
		Orange dog in the casino model
	</skin>
	<skin offset="1917981">
		Cyan dog in the casino model
	</skin>
	<skin offset="1920374">
		Yellow dog in the casino model
	</skin>
	<skin offset="1922743">
		Sup 1 in the casino model
	</skin>
	<skin offset="1927197">
		Sup 2 in the casino model
	</skin>
	<skin offset="1931644">
		Green gloom (alligator) 1 in the casino model
	</skin>
	<skin offset="1938106">
		Green gloom (alligator) 2 in the casino model
	</skin>
	<skin offset="1944820">
		Sailor (maybe pink wannie) 1 model
	</skin>
	<skin offset="1950913">
		Sailor (maybe pink wannie) 1 with gun model
	</skin>
	<skin offset="1957210">
		Glass of drink model
	</skin>
	<skin offset="1957779">
		Sailor (maybe pink wannie) 2 model
	</skin>
	<skin offset="1963564">
		Sailor (maybe pink wannie) 3 model
	</skin>
	<skin offset="1969076">
		Sailor (maybe brown wannie) model
	</skin>
	<skin offset="1974572">
		Sup sailor with glass of drink model
	</skin>
	<skin offset="1979442">
		Young wannie with stone in front of him model
	</skin>
	<skin offset="1982880">
		Half of a franco sitting down model
	</skin>
	<skin offset="1986270">
		Franco with gray hat and glass model
	</skin>
	<skin offset="1991617">
		Rick the sup model
	</skin>
	<skin offset="1995940">
		Silhuette of gas monster's head 2 model
	</skin>
	<skin offset="1996428">
		Gas monster 5 model
	</skin>
	<skin offset="2006874">
		Female franco model
	</skin>
	<skin offset="2012552">
		Can of gazogem model
	</skin>
	<skin offset="2013804">
		Sup 1 in the shop (I love Twinsun) model
	</skin>
	<skin offset="2018689">
		Sup 2 in the shop (I hate Twinsun) model
	</skin>
	<skin offset="2024413">
		Wizard's diploma model
	</skin>
	<skin offset="2029617">
		Ferry ticket model
	</skin>
	<skin offset="2030244">
		Customer's umbrella model
	</skin>
	<skin offset="2033073">
		Small spider model
	</skin>
	<skin offset="2036275">
		Pighead in red dressing with hammer (Emperor's palace) model
	</skin>
	<skin offset="2044020">
		Pighead in brown dressing with gardening tool (Emperor's palace) model
	</skin>
	<skin offset="2051510">
		Pighead in yellow dressing with broom (Emperor's palace) model
	</skin>
	<skin offset="2058920">
		Stan (from Time Commando) model
	</skin>
	<skin offset="2067028">
		Shy sup girl in Imperial Hotel model
	</skin>
	<skin offset="2074881">
		Light gray franco guard listening to music in Imperial Hotel model
	</skin>
	<skin offset="2080827">
		The above franco's tape player model
	</skin>
	<skin offset="2083501">
		Female franco in the shop on the Island of the Francos model
	</skin>
	<skin offset="2089632">
		Pick-axe model
	</skin>
	<skin offset="2091931">
		Glass-cleaning (at least I think) franco model
	</skin>
	<skin offset="2097061">
		Old franco scientist model
	</skin>
	<skin offset="2102636">
		Female franco nurse in the nursery model
	</skin>
	<skin offset="2108230">
		Franco child with red rapper hat model
	</skin>
	<skin offset="2113125">
		A small franco child modeld
	</skin>
	<skin offset="2117316">
		Brother of francos' burgermaster (De La Fontaine) model
	</skin>
	<skin offset="2122794">
		Gas monster 6 (gray) model
	</skin>
	<skin offset="2130483">
		Silhuette of gas monster's head 3 model
	</skin>
	<skin offset="2131044">
		The emperor model
	</skin>
	<skin offset="2136013">
		The emperor's wife model
	</skin>
	<skin offset="2141931">
		Spikes in the protection spell's cave model
	</skin>
	<skin offset="2145739">
		Monster guarding the protection spell model
	</skin>
	<skin offset="2151267">
		The protection spell model
	</skin>
	<skin offset="2158880">
		Vertical electric bar of teleporting machine model
	</skin>
	<skin offset="2159976">
		Gray mechanic grobo near the end model
	</skin>
	<skin offset="2164351">
		Green mechanic grobo with box of missiles near the end model
	</skin>
	<skin offset="2171749">
		Quetch child 1 model
	</skin>
	<skin offset="2176063">
		Very long and thin vertical piece of metal model
	</skin>
	<skin offset="2177550">
		Two such pieces of metal model
	</skin>
	<skin offset="2179652">
		Grobo child model
	</skin>
	<skin offset="2182630">
		Rabbibunny child model
	</skin>
	<skin offset="2185728">
		Quetch child 2 model
	</skin>
	<skin offset="2189651">
		Extremely long and thin vertical/horizontal pieces of metal model
	</skin>
	<skin offset="2191921">
		Mechanic rabbibunny near the end model
	</skin>
</skins>